{
  "stealth": {
    "enabled": true,
    "techniques": [
      "webdriver_properties",
      "navigator_properties",
      "hardware_concurrency",
      "plugins_length",
      "plugins_prototype",
      "language_properties",
      "webgl_vendor",
      "chrome_properties",
      "permissions_properties",
      "iframe_contentWindow",
      "audio_context",
      "touch_points",
      "codec_profiles",
      "outerHeight_width",
      "connection_rtt"
    ],
    "profile_rotation": {
      "enabled": true,
      "interval_minutes": 60,
      "rotating_profiles": true,
      "rotate_on_detection": true
    },
    "browser_profiles": [
      {
        "name": "windows_chrome",
        "os": "windows",
        "browser": "chrome",
        "languages": ["pt-BR", "pt", "en-US", "en"],
        "plugins_count": 5,
        "screen_width": 1920,
        "screen_height": 1080
      },
      {
        "name": "macos_chrome",
        "os": "macos",
        "browser": "chrome",
        "languages": ["pt-BR", "pt", "en-US", "en"],
        "plugins_count": 4,
        "screen_width": 1440,
        "screen_height": 900
      },
      {
        "name": "windows_firefox",
        "os": "windows",
        "browser": "firefox",
        "languages": ["pt-BR", "pt", "es", "en-US", "en"],
        "plugins_count": 3,
        "screen_width": 1366,
        "screen_height": 768
      }
    ]
  },
  "human_simulation": {
    "enabled": true,
    "profiles": [
      {
        "name": "average",
        "typing_speed": "normal",
        "movement_style": "natural",
        "error_rate": 0.05,
        "hesitation_factor": 0.2,
        "delay_min": 0.8,
        "delay_max": 3.0
      },
      {
        "name": "careful",
        "typing_speed": "slow",
        "movement_style": "hesitant",
        "error_rate": 0.1,
        "hesitation_factor": 0.4,
        "delay_min": 1.5,
        "delay_max": 4.0
      },
      {
        "name": "experienced",
        "typing_speed": "fast",
        "movement_style": "direct",
        "error_rate": 0.02,
        "hesitation_factor": 0.1,
        "delay_min": 0.5,
        "delay_max": 2.0
      }
    ],
    "navigation_patterns": {
      "page_reading_times": {
        "min_seconds": 8,
        "max_seconds": 45
      },
      "scroll_behavior": {
        "enabled": true,
        "random_pauses": true,
        "reading_pattern": true
      },
      "form_filling": {
        "sequential_field_navigation": 0.7,
        "field_correction_probability": 0.15,
        "reading_before_submit": 0.9
      }
    }
  },
  "intervention_detector": {
    "enabled": true,
    "intervention_threshold": 0.75,
    "analysis_interval_seconds": 30,
    "hotmart_specific_patterns": {
      "challenge_endpoints": [
        "/challenge",
        "/verify",
        "/check",
        "/validate",
        "/security"
      ],
      "suspicious_elements": [
        "#challenge-form",
        "#captcha",
        ".security-check",
        ".bot-detection"
      ]
    },
    "evasion_strategies": {
      "normal": {
        "delay_factor": 1.0,
        "random_mouse_movements": false,
        "jitter_amount": 0.0
      },
      "cautious": {
        "delay_factor": 1.5,
        "random_mouse_movements": true,
        "jitter_amount": 0.2
      },
      "stealth": {
        "delay_factor": 2.0,
        "random_mouse_movements": true,
        "jitter_amount": 0.4,
        "additional_page_interactions": true,
        "variable_typing_rhythm": true
      }
    }
  },
  "adaptive_intelligence": {
    "enabled": true,
    "learning_enabled": true,
    "use_openai": true,
    "adaptation_strategies": {
      "interface_changes": true,
      "captcha_detection": true,
      "error_recovery": true
    },
    "memory": {
      "save_successful_approaches": true,
      "persistence_file": "data/adaptive_memory.json"
    }
  },
  "proxy": {
    "enabled": false,
    "rotation": {
      "enabled": true,
      "interval_minutes": 30,
      "rotate_on_errors": true,
      "max_consecutive_errors": 3
    },
    "proxy_list_file": "config/proxies.json"
  },
  "session_management": {
    "random_session_length": {
      "enabled": true,
      "min_uploads_per_session": 3,
      "max_uploads_per_session": 15
    },
    "time_patterns": {
      "working_hours_only": true,
      "random_breaks": true,
      "break_probability": 0.2,
      "break_length_minutes": {
        "min": 10,
        "max": 45
      }
    }
  },
  "security": {
    "secure_data_storage": {
      "encrypted_localStorage": true,
      "encryption_key_rotation": true
    },
    "logging": {
      "log_level": "INFO",
      "mask_sensitive_data": true,
      "retain_logs_days": 7
    }
  }
}